--
-- PostgreSQL database dump
--

-- Dumped from database version 10.12 (Ubuntu 10.12-0ubuntu0.18.04.1)
-- Dumped by pg_dump version 10.12 (Ubuntu 10.12-0ubuntu0.18.04.1)

SET statement_timeout = 0;
SET lock_timeout = 0;
SET idle_in_transaction_session_timeout = 0;
SET client_encoding = 'UTF8';
SET standard_conforming_strings = on;
SELECT pg_catalog.set_config('search_path', '', false);
SET check_function_bodies = false;
SET xmloption = content;
SET client_min_messages = warning;
SET row_security = off;

ALTER TABLE ONLY public.products DROP CONSTRAINT products_pkey;
ALTER TABLE ONLY public.orders DROP CONSTRAINT orders_pkey;
ALTER TABLE ONLY public.carts DROP CONSTRAINT carts_pkey;
ALTER TABLE ONLY public."cartItems" DROP CONSTRAINT "cartItems_pkey";
ALTER TABLE public.products ALTER COLUMN "productId" DROP DEFAULT;
ALTER TABLE public.orders ALTER COLUMN "orderId" DROP DEFAULT;
ALTER TABLE public.carts ALTER COLUMN "cartId" DROP DEFAULT;
ALTER TABLE public."cartItems" ALTER COLUMN "cartItemId" DROP DEFAULT;
DROP SEQUENCE public."products_productId_seq";
DROP TABLE public.products;
DROP SEQUENCE public."orders_orderId_seq";
DROP TABLE public.orders;
DROP SEQUENCE public."carts_cartId_seq";
DROP TABLE public.carts;
DROP SEQUENCE public."cartItems_cartItemId_seq";
DROP TABLE public."cartItems";
DROP EXTENSION plpgsql;
DROP SCHEMA public;
--
-- Name: public; Type: SCHEMA; Schema: -; Owner: -
--

CREATE SCHEMA public;


--
-- Name: SCHEMA public; Type: COMMENT; Schema: -; Owner: -
--

COMMENT ON SCHEMA public IS 'standard public schema';


--
-- Name: plpgsql; Type: EXTENSION; Schema: -; Owner: -
--

CREATE EXTENSION IF NOT EXISTS plpgsql WITH SCHEMA pg_catalog;


--
-- Name: EXTENSION plpgsql; Type: COMMENT; Schema: -; Owner: -
--

COMMENT ON EXTENSION plpgsql IS 'PL/pgSQL procedural language';


SET default_tablespace = '';

SET default_with_oids = false;

--
-- Name: cartItems; Type: TABLE; Schema: public; Owner: -
--

CREATE TABLE public."cartItems" (
    "cartItemId" integer NOT NULL,
    "cartId" integer NOT NULL,
    "productId" integer NOT NULL,
    price integer NOT NULL
);


--
-- Name: cartItems_cartItemId_seq; Type: SEQUENCE; Schema: public; Owner: -
--

CREATE SEQUENCE public."cartItems_cartItemId_seq"
    AS integer
    START WITH 1
    INCREMENT BY 1
    NO MINVALUE
    NO MAXVALUE
    CACHE 1;


--
-- Name: cartItems_cartItemId_seq; Type: SEQUENCE OWNED BY; Schema: public; Owner: -
--

ALTER SEQUENCE public."cartItems_cartItemId_seq" OWNED BY public."cartItems"."cartItemId";


--
-- Name: carts; Type: TABLE; Schema: public; Owner: -
--

CREATE TABLE public.carts (
    "cartId" integer NOT NULL,
    "createdAt" timestamp(6) with time zone DEFAULT now() NOT NULL
);


--
-- Name: carts_cartId_seq; Type: SEQUENCE; Schema: public; Owner: -
--

CREATE SEQUENCE public."carts_cartId_seq"
    AS integer
    START WITH 1
    INCREMENT BY 1
    NO MINVALUE
    NO MAXVALUE
    CACHE 1;


--
-- Name: carts_cartId_seq; Type: SEQUENCE OWNED BY; Schema: public; Owner: -
--

ALTER SEQUENCE public."carts_cartId_seq" OWNED BY public.carts."cartId";


--
-- Name: orders; Type: TABLE; Schema: public; Owner: -
--

CREATE TABLE public.orders (
    "orderId" integer NOT NULL,
    "cartId" integer NOT NULL,
    name text NOT NULL,
    "creditCard" text NOT NULL,
    "shippingAddress" text NOT NULL,
    "createdAt" timestamp(6) with time zone DEFAULT now() NOT NULL
);


--
-- Name: orders_orderId_seq; Type: SEQUENCE; Schema: public; Owner: -
--

CREATE SEQUENCE public."orders_orderId_seq"
    AS integer
    START WITH 1
    INCREMENT BY 1
    NO MINVALUE
    NO MAXVALUE
    CACHE 1;


--
-- Name: orders_orderId_seq; Type: SEQUENCE OWNED BY; Schema: public; Owner: -
--

ALTER SEQUENCE public."orders_orderId_seq" OWNED BY public.orders."orderId";


--
-- Name: products; Type: TABLE; Schema: public; Owner: -
--

CREATE TABLE public.products (
    "productId" integer NOT NULL,
    name text NOT NULL,
    price integer NOT NULL,
    image text NOT NULL,
    "shortDescription" text NOT NULL,
    "longDescription" text NOT NULL
);


--
-- Name: products_productId_seq; Type: SEQUENCE; Schema: public; Owner: -
--

CREATE SEQUENCE public."products_productId_seq"
    AS integer
    START WITH 1
    INCREMENT BY 1
    NO MINVALUE
    NO MAXVALUE
    CACHE 1;


--
-- Name: products_productId_seq; Type: SEQUENCE OWNED BY; Schema: public; Owner: -
--

ALTER SEQUENCE public."products_productId_seq" OWNED BY public.products."productId";


--
-- Name: cartItems cartItemId; Type: DEFAULT; Schema: public; Owner: -
--

ALTER TABLE ONLY public."cartItems" ALTER COLUMN "cartItemId" SET DEFAULT nextval('public."cartItems_cartItemId_seq"'::regclass);


--
-- Name: carts cartId; Type: DEFAULT; Schema: public; Owner: -
--

ALTER TABLE ONLY public.carts ALTER COLUMN "cartId" SET DEFAULT nextval('public."carts_cartId_seq"'::regclass);


--
-- Name: orders orderId; Type: DEFAULT; Schema: public; Owner: -
--

ALTER TABLE ONLY public.orders ALTER COLUMN "orderId" SET DEFAULT nextval('public."orders_orderId_seq"'::regclass);


--
-- Name: products productId; Type: DEFAULT; Schema: public; Owner: -
--

ALTER TABLE ONLY public.products ALTER COLUMN "productId" SET DEFAULT nextval('public."products_productId_seq"'::regclass);


--
-- Data for Name: cartItems; Type: TABLE DATA; Schema: public; Owner: -
--

COPY public."cartItems" ("cartItemId", "cartId", "productId", price) FROM stdin;
1	7	4	999
2	8	4	999
3	9	1	2999
4	10	2	2595
5	11	5	9900
6	12	6	830
7	13	1	2999
8	14	1	2999
9	15	1	2999
10	16	2	2595
11	17	3	2900
12	18	2	2595
13	19	2	2595
14	20	2	2595
15	21	4	999
16	22	4	999
17	23	1	2999
18	24	2	2595
19	25	4	999
20	26	2	2595
21	27	3	2900
22	28	5	9900
23	29	5	9900
24	30	3	2900
25	31	1	2999
26	32	6	830
27	32	5	9900
28	32	4	999
29	31	2	2595
30	33	3	2900
31	33	3	2900
32	33	6	830
33	33	1	2999
34	33	2	2595
35	33	2	2595
36	33	1	2999
37	33	5	9900
38	33	4	999
\.


--
-- Data for Name: carts; Type: TABLE DATA; Schema: public; Owner: -
--

COPY public.carts ("cartId", "createdAt") FROM stdin;
1	2020-05-11 22:57:50.211629+00
2	2020-05-11 23:02:19.161544+00
3	2020-05-11 23:03:40.430814+00
4	2020-05-11 23:05:46.55329+00
5	2020-05-11 23:09:15.908927+00
6	2020-05-11 23:12:28.771453+00
7	2020-05-11 23:24:30.116585+00
8	2020-05-11 23:26:00.655458+00
9	2020-05-11 23:36:00.594698+00
10	2020-05-11 23:49:13.670821+00
11	2020-05-12 05:30:44.248104+00
12	2020-05-12 05:42:20.453645+00
13	2020-05-13 01:39:34.457501+00
14	2020-05-13 01:40:12.46556+00
15	2020-05-13 01:40:31.719349+00
16	2020-05-13 01:42:41.747763+00
17	2020-05-13 01:42:48.842265+00
18	2020-05-13 01:44:19.095882+00
19	2020-05-13 01:44:19.557221+00
20	2020-05-13 01:44:19.974843+00
21	2020-05-13 01:44:25.035363+00
22	2020-05-13 01:44:25.621076+00
23	2020-05-13 02:18:05.999139+00
24	2020-05-13 02:23:32.493507+00
25	2020-05-13 02:23:48.407491+00
26	2020-05-13 02:40:17.537876+00
27	2020-05-13 02:40:50.978199+00
28	2020-05-13 02:41:22.483472+00
29	2020-05-13 02:41:23.997942+00
30	2020-05-13 03:15:47.367729+00
31	2020-05-13 03:27:07.872697+00
32	2020-05-13 04:37:00.60894+00
33	2020-05-13 19:53:52.014926+00
\.


--
-- Data for Name: orders; Type: TABLE DATA; Schema: public; Owner: -
--

COPY public.orders ("orderId", "cartId", name, "creditCard", "shippingAddress", "createdAt") FROM stdin;
\.


--
-- Data for Name: products; Type: TABLE DATA; Schema: public; Owner: -
--

COPY public.products ("productId", name, price, image, "shortDescription", "longDescription") FROM stdin;
1	Shake Weight	2999	/images/shake-weight.jpg	Dynamic Inertia technology ignites muscles in arms, shoulders, and chest.	Lorem ipsum dolor amet fashion axe pour-over jianbing, adaptogen waistcoat tacos master cleanse pitchfork next level. Thundercats pour-over chartreuse 90's. Master cleanse hot chicken ennui offal. Freegan slow-carb offal hell of. Umami polaroid wolf slow-carb next level. Gentrify cardigan seitan, kombucha tacos chambray roof party typewriter man braid. Tote bag lo-fi hell of chia fam hammock\\n.Aesthetic photo booth la croix, vaporware leggings biodiesel man braid tumeric skateboard tousled slow-carb four dollar toast synth pabst pickled. Typewriter church-key chia slow-carb vice gochujang actually. Shoreditch austin woke hot chicken, single-origin coffee ugh affogato four loko green juice. Migas iPhone four dollar toast mustache.
2	ShamWow	2595	/images/shamwow.jpg	It's like a chamois, towel, and sponge, all in one! Soaks up to 10x it's weight in any liquid!	Lorem ipsum dolor amet fashion axe pour-over jianbing, adaptogen waistcoat tacos master cleanse pitchfork next level. Thundercats pour-over chartreuse 90's. Master cleanse hot chicken ennui offal. Freegan slow-carb offal hell of. Umami polaroid wolf slow-carb next level. Gentrify cardigan seitan, kombucha tacos chambray roof party typewriter man braid. Tote bag lo-fi hell of chia fam hammock\\n.Aesthetic photo booth la croix, vaporware leggings biodiesel man braid tumeric skateboard tousled slow-carb four dollar toast synth pabst pickled. Typewriter church-key chia slow-carb vice gochujang actually. Shoreditch austin woke hot chicken, single-origin coffee ugh affogato four loko green juice. Migas iPhone four dollar toast mustache.
3	Snuggie	2900	/images/snuggie.jpg	Super-Soft Fleece with pockets! One Size fits all Adults! Keeps you Warm & Your Hands-Free!	Lorem ipsum dolor amet fashion axe pour-over jianbing, adaptogen waistcoat tacos master cleanse pitchfork next level. Thundercats pour-over chartreuse 90's. Master cleanse hot chicken ennui offal. Freegan slow-carb offal hell of. Umami polaroid wolf slow-carb next level. Gentrify cardigan seitan, kombucha tacos chambray roof party typewriter man braid. Tote bag lo-fi hell of chia fam hammock\\n.Aesthetic photo booth la croix, vaporware leggings biodiesel man braid tumeric skateboard tousled slow-carb four dollar toast synth pabst pickled. Typewriter church-key chia slow-carb vice gochujang actually. Shoreditch austin woke hot chicken, single-origin coffee ugh affogato four loko green juice. Migas iPhone four dollar toast mustache.
4	Wax Vac	999	/images/wax-vac.jpg	Gentle way to remove ear wax. Safe and hygienic. Reduces the risk of painful infections.	Lorem ipsum dolor amet fashion axe pour-over jianbing, adaptogen waistcoat tacos master cleanse pitchfork next level. Thundercats pour-over chartreuse 90's. Master cleanse hot chicken ennui offal. Freegan slow-carb offal hell of. Umami polaroid wolf slow-carb next level. Gentrify cardigan seitan, kombucha tacos chambray roof party typewriter man braid. Tote bag lo-fi hell of chia fam hammock\\n.Aesthetic photo booth la croix, vaporware leggings biodiesel man braid tumeric skateboard tousled slow-carb four dollar toast synth pabst pickled. Typewriter church-key chia slow-carb vice gochujang actually. Shoreditch austin woke hot chicken, single-origin coffee ugh affogato four loko green juice. Migas iPhone four dollar toast mustache.
5	Ostrich Pillow	9900	/images/ostrich-pillow.jpg	Create your own snugly space in the world and feel-good anywhere with the ultimate cocoon pillow.	Lorem ipsum dolor amet fashion axe pour-over jianbing, adaptogen waistcoat tacos master cleanse pitchfork next level. Thundercats pour-over chartreuse 90's. Master cleanse hot chicken ennui offal. Freegan slow-carb offal hell of. Umami polaroid wolf slow-carb next level. Gentrify cardigan seitan, kombucha tacos chambray roof party typewriter man braid. Tote bag lo-fi hell of chia fam hammock\\n.Aesthetic photo booth la croix, vaporware leggings biodiesel man braid tumeric skateboard tousled slow-carb four dollar toast synth pabst pickled. Typewriter church-key chia slow-carb vice gochujang actually. Shoreditch austin woke hot chicken, single-origin coffee ugh affogato four loko green juice. Migas iPhone four dollar toast mustache.
6	Tater Mitts	830	/images/tater-mitts.jpg	8 Seconds is all you need with Tater Mitts. Quickly and easily prepare all your favorite potato dishes with Tater Mitts.	Lorem ipsum dolor amet fashion axe pour-over jianbing, adaptogen waistcoat tacos master cleanse pitchfork next level. Thundercats pour-over chartreuse 90's. Master cleanse hot chicken ennui offal. Freegan slow-carb offal hell of. Umami polaroid wolf slow-carb next level. Gentrify cardigan seitan, kombucha tacos chambray roof party typewriter man braid. Tote bag lo-fi hell of chia fam hammock\\n.Aesthetic photo booth la croix, vaporware leggings biodiesel man braid tumeric skateboard tousled slow-carb four dollar toast synth pabst pickled. Typewriter church-key chia slow-carb vice gochujang actually. Shoreditch austin woke hot chicken, single-origin coffee ugh affogato four loko green juice. Migas iPhone four dollar toast mustache.
\.


--
-- Name: cartItems_cartItemId_seq; Type: SEQUENCE SET; Schema: public; Owner: -
--

SELECT pg_catalog.setval('public."cartItems_cartItemId_seq"', 38, true);


--
-- Name: carts_cartId_seq; Type: SEQUENCE SET; Schema: public; Owner: -
--

SELECT pg_catalog.setval('public."carts_cartId_seq"', 33, true);


--
-- Name: orders_orderId_seq; Type: SEQUENCE SET; Schema: public; Owner: -
--

SELECT pg_catalog.setval('public."orders_orderId_seq"', 1, false);


--
-- Name: products_productId_seq; Type: SEQUENCE SET; Schema: public; Owner: -
--

SELECT pg_catalog.setval('public."products_productId_seq"', 1, false);


--
-- Name: cartItems cartItems_pkey; Type: CONSTRAINT; Schema: public; Owner: -
--

ALTER TABLE ONLY public."cartItems"
    ADD CONSTRAINT "cartItems_pkey" PRIMARY KEY ("cartItemId");


--
-- Name: carts carts_pkey; Type: CONSTRAINT; Schema: public; Owner: -
--

ALTER TABLE ONLY public.carts
    ADD CONSTRAINT carts_pkey PRIMARY KEY ("cartId");


--
-- Name: orders orders_pkey; Type: CONSTRAINT; Schema: public; Owner: -
--

ALTER TABLE ONLY public.orders
    ADD CONSTRAINT orders_pkey PRIMARY KEY ("orderId");


--
-- Name: products products_pkey; Type: CONSTRAINT; Schema: public; Owner: -
--

ALTER TABLE ONLY public.products
    ADD CONSTRAINT products_pkey PRIMARY KEY ("productId");


--
-- Name: SCHEMA public; Type: ACL; Schema: -; Owner: -
--

GRANT ALL ON SCHEMA public TO PUBLIC;


--
-- PostgreSQL database dump complete
--

